	genus	guild	confidenceRanking	C-FOMI-AGAR-POT-63-ITS_R1.fastq.gz	C-FOMI-AGAR-POT-64-ITS_R1.fastq.gz	C-PENI-AGAR-OAT-65-ITS_R1.fastq.gz	C-PENI-AGAR-OAT-66-ITS_R1.fastq.gz	C-PENI-AGAR-POT-56-ITS_R1.fastq.gz	C-PENI-AGAR-POT-57-ITS_R1.fastq.gz	C-PENI-AGAR-POT-62-ITS_R1.fastq.gz	C-UNKN-AGAR-OAT-50-ITS_R1.fastq.gz	C-UNKN-AGAR-OAT-52-ITS_R1.fastq.gz	C-UNKN-AGAR-OAT-59-ITS_R1.fastq.gz	C-UNKN-AGAR-OAT-60-ITS_R1.fastq.gz	C-UNKN-AGAR-OAT-61-ITS_R1.fastq.gz	C-UNKN-AGAR-POT-55-ITS_R1.fastq.gz	C-UNKN-AGAR-POT-67-ITS_R1.fastq.gz	F-MSUB-WOOD-EPB-20-ITS_R1.fastq.gz	F-MSUB-WOOD-EPB-22-ITS_R1.fastq.gz	F-MSUB-WOOD-SAB-28-ITS_R1.fastq.gz	L-CBRA-BARK-BOJ-02-ITS_R1.fastq.gz	L-CFUR-BARK-BOJ-01-ITS_R1.fastq.gz	L-CFUR-BARK-BOJ-11-ITS_R1.fastq.gz	L-CFUR-BARK-BOJ-12-ITS_R1.fastq.gz	L-CFUR-WOOD-BOJ-15-ITS_R1.fastq.gz	L-CSTE-BARK-UKN-42-ITS_R1.fastq.gz	L-CSTE-WOOD-EPB-39-ITS_R1.fastq.gz	L-CTRI-BARK-BOJ-06-ITS_R1.fastq.gz	L-CTRI-BARK-BOJ-08-ITS_R1.fastq.gz	L-CTRI-BARK-BOJ-21-ITS_R1.fastq.gz	L-CTRI-BARK-BOJ-36-ITS_R1.fastq.gz	L-CTRI-BARK-BOJ-46-ITS_R1.fastq.gz	L-CTRI-WOOD-BOJ-26-ITS_R1.fastq.gz
ASV726	Acremoniopsis	Animal Pathogen-Endophyte-Fungal Parasite-Lichen Parasite-Plant Pathogen-Wood Saprotroph	Possible	0	0	0	0	0	0	0	0	0	0	0	0	0	0	0	0	0	0	0	0	0	0	0	5,57090794237236	0	0	0	0	0	0
ASV404	Acrodontium	Plant Pathogen-Undefined Saprotroph	Probable	0	0	0	0	0	0	0	0	0	0	0	0	0	0	0	0	0	0	0	6,12039464002035	0	0	0	0	0	5,62239243585987	0	0	0	0
ASV620	Blastobotrys	Undefined Saprotroph	Possible	0	0	0	0	0	0	0	0	0	0	0	0	0	0	0	0	0	0	0	0	0	5,93039622524525	0	0	0	0	0	0	0	0
ASV681	Blastobotrys	Undefined Saprotroph	Possible	0	0	0	0	0	0	0	0	0	0	0	0	0	0	0	0	0	0	0	0	0	5,72694706767596	0	0	0	0	0	0	0	0
ASV743	Blastobotrys	Undefined Saprotroph	Possible	0	0	0	0	0	0	0	0	0	0	0	0	0	0	0	0	0	0	0	0	0	5,49002172725006	0	0	0	0	0	0	0	0
ASV224	Botryobasidium	Undefined Saprotroph-Wood Saprotroph	Probable	0	0	0	0	0	0	0	0	0	0	0	0	0	0	0	0	8,26055356845635	0	0	0	0	0	0	0	0	0	0	0	0	0
ASV266	Botryobasidium	Undefined Saprotroph-Wood Saprotroph	Probable	0	0	0	0	0	0	0	0	0	0	0	0	0	0	0	0	7,9389231460089	0	0	0	0	0	0	0	0	0	0	0	0	0
ASV307	Botryobasidium	Undefined Saprotroph-Wood Saprotroph	Probable	0	0	0	0	0	0	0	0	0	0	0	0	0	0	0	0	7,47834953425755	0	0	0	0	0	0	0	0	0	0	0	0	0
ASV281	Bryostigma	Lichen Parasite-Lichenized	Probable	0	0	0	0	0	0	0	0	0	0	0	0	0	0	0	0	0	7,78572061786361	0	0	0	0	0	0	0	0	0	0	0	0
ASV314	Bryostigma	Lichen Parasite-Lichenized	Probable	0	0	0	0	0	0	0	0	0	0	0	0	0	0	0	0	0	7,43548875882681	0	0	0	0	0	0	0	0	0	0	0	0
ASV888	Calcarisporium	Animal Pathogen-Endophyte-Fungal Parasite-Lichen Parasite-Plant Pathogen-Wood Saprotroph	Possible	0	0	0	0	0	0	0	0	0	0	0	0	0	0	0	0	0	0	0	5,07707245614645	0	0	0	0	0	0	0	0	0	0
ASV473	Capnodiales_gen_Incertae_sedis	NA	NA	0	0	0	0	0	0	0	0	0	0	0	0	0	0	0	6,22286492616053	0	0	0	0	0	0	0	4,39302662627441	0	0	0	0	0	0
ASV474	Capnodiales_gen_Incertae_sedis	NA	NA	0	0	0	0	0	0	0	0	0	0	0	0	0	0	0	0	0	0	6,54840663436224	0	0	0	0	0	0	0	0	0	0	0
ASV508	Capnodiales_gen_Incertae_sedis	NA	NA	0	0	0	0	0	0	0	0	0	0	0	0	0	0	0	0	0	0	6,41837867635472	0	0	0	0	0	0	0	0	0	0	0
ASV677	Capnodiales_gen_Incertae_sedis	NA	NA	0	0	0	0	0	0	0	0	0	0	0	0	0	0	0	0	0	0	0	0	0	0	0	0	0	0	5,79041106688112	0	0	0
ASV694	Capnodiales_gen_Incertae_sedis	NA	NA	0	0	0	0	0	0	0	0	0	0	0	0	0	0	0	0	0	0	0	5,70710293254005	0	0	0	0	0	0	0	0	0	0
ASV778	Capnodiales_gen_Incertae_sedis	NA	NA	0	0	0	0	0	0	0	0	0	0	0	0	0	0	0	5,39658059336163	0	0	0	0	0	0	0	0	0	0	0	0	0	0
ASV789	Capronia	Animal Pathogen-Fungal Parasite-Undefined Saprotroph	Probable	0	0	0	0	0	0	0	0	0	0	0	0	0	0	0	5,35618564452047	0	0	0	0	0	0	0	0	0	0	0	0	0	0
ASV722	Carcinomyces	Fungal Parasite-Undefined Saprotroph	Possible	0	0	0	0	0	0	0	0	0	0	0	0	0	0	0	0	5,57474137128563	0	0	0	0	0	0	0	0	0	0	0	0	0
ASV864	Carcinomyces	Fungal Parasite-Undefined Saprotroph	Possible	0	0	0	0	0	0	0	0	0	0	0	0	0	0	0	0	5,12687922314728	0	0	0	0	0	0	0	0	0	0	0	0	0
ASV657	Carcinomycetaceae_gen_Incertae_sedis	Fungal Parasite-Undefined Saprotroph	Possible	0	0	0	0	0	0	0	0	0	0	0	0	0	0	0	0	5,83065016532093	0	0	0	0	0	0	0	0	0	0	0	0	0
ASV730	Carcinomycetaceae_gen_Incertae_sedis	Fungal Parasite-Undefined Saprotroph	Possible	0	0	0	0	0	0	0	0	0	0	0	0	0	0	0	0	5,53930857875582	0	0	0	0	0	0	0	0	0	0	0	0	0
ASV20	Chaenotheca	Lichenized	Highly Probable	0	0	0	0	0	0	0	0	0	0	0	0	0	0	0	0	0	0	12,3317484211896	11,4931984385094	12,0338829579873	9,6211089213435	0	0	0	0	0	8,06399707773499	0	0
ASV24	Chaenotheca	Lichenized	Highly Probable	0	0	0	0	0	0	0	0	0	0	0	0	0	0	0	0	0	0	12,0816353862519	11,102473610036	11,5098112285752	9,53459321302408	0	0	0	0	0	7,59025136476599	0	0
ASV35	Chaenotheca	Lichenized	Highly Probable	0	0	0	0	0	0	0	0	0	0	0	0	0	0	0	0	0	0	11,3902815437872	10,6050869525743	11,1073642574887	8,96539397143172	0	0	0	0	0	7,28381167908324	0	0
ASV46	Chaenotheca	Lichenized	Highly Probable	0	0	0	0	0	0	0	0	0	0	0	0	0	0	0	0	0	0	11,0905144295332	10,3983428759534	10,839356668646	8,4736310125082	0	0	0	0	0	6,8942241703887	0	0
ASV48	Chaenotheca	Lichenized	Highly Probable	0	0	0	0	0	0	0	0	0	0	0	0	0	0	0	0	0	5,80571043417489	0	6,46032731962981	0	10,4411052909609	0	0	0	0	0	11,8793811428261	0	0
ASV50	Chaenotheca	Lichenized	Highly Probable	0	0	0	0	0	0	0	0	0	0	0	0	0	0	0	0	0	0	11,0024901237901	10,2433479861408	10,4868384549491	8,5983009280936	0	0	0	0	0	6,715922801308	0	0
ASV56	Chaenotheca	Lichenized	Highly Probable	0	0	0	0	0	0	0	0	3,06245437220157	0	0	0	0	0	0	0	8,12371294118642	11,4945262459827	0	0	0	7,89150465690828	0	9,41564791026297	5,65708800003108	7,7162397842894	0	6,27546002945178	0	8,07667635301476
ASV58	Chaenotheca	Lichenized	Highly Probable	0	0	0	0	0	0	0	0	0	0	0	0	0	0	0	0	0	0	10,7254849786545	10,0078840875461	10,2887310593039	8,03707373702724	4,05458094592779	0	0	0	0	6,92191071645318	0	0
ASV60	Chaenotheca	Lichenized	Highly Probable	0	0	0	0	0	0	0	0	0	0	0	0	0	0	0	0	0	7,8524147887914	7,36673634845994	0	0	11,4545858807649	5,44301889434097	0	0	8,20117038218335	0	8,95022307613046	0	4,98998117667842
ASV63	Chaenotheca	Lichenized	Highly Probable	0	0	0	0	0	0	0	0	0	0	0	0	0	0	0	0	0	0	0	4,47267764328283	0	10,1037013027141	0	0	0	0	0	11,3684383722109	0	0
ASV64	Chaenotheca	Lichenized	Highly Probable	0	0	0	0	0	0	0	0	0	0	0	0	0	0	0	0	7,82583400805376	11,1317437378412	0	0	0	7,72177186502602	0	9,23140699401766	5,36175567009886	7,48208089740243	0	5,70352325874109	0	7,67657118262449
ASV74	Chaenotheca	Lichenized	Highly Probable	0	0	0	0	0	0	0	0	0	0	0	0	0	0	0	0	7,46896421789215	10,5363829402042	0	0	0	6,95431384757182	0	8,42104478487608	0	6,98043106420218	0	5,16901994794955	0	7,25938233707572
ASV80	Chaenotheca	Lichenized	Highly Probable	0	0	0	0	0	0	0	0	0	0	0	0	0	0	0	0	7,13098445198832	10,2873037443015	0	0	0	6,91375595071917	0	8,13177492643915	0	6,68563187648369	0	4,9712091762702	0	6,94079467366737
ASV82	Chaenotheca	Lichenized	Highly Probable	0	0	0	0	0	0	0	0	0	0	0	0	0	0	0	0	6,87084825769278	10,1348866474252	0	0	0	6,5223840081069	0	8,21811397685084	0	6,66918449936083	0	4,9712091762702	0	7,02080442099221
ASV85	Chaenotheca	Lichenized	Highly Probable	0	0	0	0	0	0	0	0	0	0	0	0	0	0	0	0	0	0	9,53381836645488	8,61856822722304	9,04836387026327	6,75445344565695	0	0	0	0	0	5,07350228408203	0	0
ASV87	Chaenotheca	Lichenized	Highly Probable	0	0	0	0	0	0	0	0	0	0	0	0	0	0	0	0	0	0	0	0	0	0	0	6,63560117729962	0	10,6914937481435	0	0	0	0
ASV92	Chaenotheca	Lichenized	Highly Probable	0	0	0	0	0	0	0	0	0	0	0	0	0	0	0	0	6,82744207261172	9,89934005000817	0	0	0	6,41023104132776	0	7,92825905296007	0	6,66918449936083	0	4,74189904822581	0	6,61960901168522
ASV102	Chaenotheca	Lichenized	Highly Probable	0	0	0	0	0	0	0	0	0	0	0	0	0	0	0	0	0	0	9,13307924954704	8,17529604719561	8,38264326915915	6,62644371642438	0	0	0	0	0	4,9172074725184	0	0
ASV129	Chaenotheca	Lichenized	Highly Probable	0	0	0	0	0	0	0	0	0	0	0	0	0	0	0	0	0	0	0	5,94211660636203	0	8,96539397143172	0	0	0	0	0	7,56413373546628	0	0
ASV157	Chaenotheca	Lichenized	Highly Probable	0	0	0	0	0	0	0	0	0	0	0	0	0	0	0	0	4,68320135994776	8,51441615309563	0	0	0	5,41451096664729	0	6,49511496576462	0	0	0	0	0	4,82148653857597
ASV170	Chaenotheca	Lichenized	Highly Probable	0	0	0	0	0	0	0	0	0	0	0	0	0	0	0	0	0	8,79999114848835	0	0	0	0	0	0	0	0	0	4,74189904822581	0	0
ASV172	Chaenotheca	Lichenized	Highly Probable	0	0	0	0	0	0	0	0	0	0	0	0	0	0	0	0	4,92202985702204	8,2975193276706	0	0	0	4,60386048832905	0	6,21059711777083	0	0	0	0	0	4,87986554115532
ASV191	Chaenotheca	Lichenized	Highly Probable	0	0	0	0	0	0	0	0	0	0	0	0	0	0	0	0	0	8,59885560807126	0	0	3,56459728091989	0	0	0	0	0	0	0	0	0
ASV197	Chaenotheca	Lichenized	Highly Probable	0	0	0	0	0	0	0	0	0	0	0	0	0	0	0	0	0	0	0	0	3,41598296798681	0	0	6,96347606631541	5,75391406407553	0	0	0	7,62439930123087	0
ASV239	Chaenotheca	Lichenized	Highly Probable	0	0	0	0	0	0	0	0	0	0	0	0	0	0	0	0	0	0	0	0	0	0	0	8,14946104983482	0	0	0	0	0	0
ASV255	Chaenotheca	Lichenized	Highly Probable	0	0	0	0	0	0	0	0	0	0	0	0	0	0	0	0	0	0	0	0	0	0	8,03390396255351	0	0	0	0	0	0	0
ASV265	Chaenotheca	Lichenized	Highly Probable	0	0	0	0	0	0	0	0	0	0	0	0	0	0	0	0	0	0	0	0	0	0	7,96133061564045	0	0	0	0	0	0	0
ASV280	Chaenotheca	Lichenized	Highly Probable	0	0	0	0	0	0	0	0	0	0	0	0	0	0	0	0	0	0	0	0	0	0	0	7,78474566031592	0	0	0	0	0	0
ASV436	Chaenotheca	Lichenized	Highly Probable	0	0	0	0	0	0	0	0	0	0	0	0	0	0	0	0	0	0	0	0	0	0	0	0	0	0	0	0	6,75717122142399	0
ASV521	Chaenotheca	Lichenized	Highly Probable	0	0	0	0	0	0	0	0	0	0	0	0	0	0	0	0	0	0	0	0	0	0	0	0	0	0	0	0	6,38435370856848	0
ASV771	Chaenotheca	Lichenized	Highly Probable	0	0	0	0	0	0	0	0	0	0	0	0	0	0	0	0	0	0	0	0	0	0	0	0	0	0	5,44705401161882	0	0	0
ASV813	Chaenotheca	Lichenized	Highly Probable	0	0	0	0	0	0	0	0	0	0	0	0	0	0	0	0	0	0	0	0	0	0	0	0	0	0	0	0	5,32681002987696	0
ASV820	Chaenotheca	Lichenized	Highly Probable	0	0	0	0	0	0	0	0	0	0	0	0	0	0	0	0	0	5,26809975902791	0	0	0	0	0	0	0	0	0	0	0	0
ASV860	Chaenotheca	Lichenized	Highly Probable	0	0	0	0	0	0	0	5,14803646208125	0	0	0	0	0	0	0	0	0	0	0	0	0	0	0	0	0	0	0	0	0	0
ASV877	Chaenotheca	Lichenized	Highly Probable	0	0	0	0	0	0	0	0	0	0	0	0	0	0	0	0	0	0	0	0	0	0	0	0	0	0	0	0	5,14744695657033	0
ASV909	Chaenotheca	Lichenized	Highly Probable	0	0	0	0	0	0	0	4,99717350983705	0	0	0	0	0	0	0	0	0	0	0	0	0	0	0	0	0	0	0	0	0	0
ASV106	Chaenothecopsis	Lichen Parasite	Highly Probable	0	0	0	0	0	0	0	0	0	0	0	0	0	0	0	0	0	0	0	0	0	0	10,2380817411969	0	0	0	0	0	0	5,14083844998284
ASV108	Chaenothecopsis	Lichen Parasite	Highly Probable	0	0	0	0	0	0	0	0	0	0	0	0	0	0	0	0	0	0	0	0	0	0	10,1621115000936	0	0	0	0	0	0	0
ASV313	Chaenothecopsis	Lichen Parasite	Highly Probable	0	0	0	0	0	0	0	0	0	0	0	0	0	0	0	0	0	0	0	0	0	0	0	0	7,45447617036665	0	0	0	0	0
ASV560	Chaenothecopsis	Lichen Parasite	Highly Probable	0	0	0	0	0	0	0	0	0	0	0	0	0	0	0	0	0	0	0	0	0	0	0	0	0	6,20488587993517	0	0	0	0
ASV616	Chaenothecopsis	Lichen Parasite	Highly Probable	0	0	0	0	0	0	0	0	0	0	0	0	0	0	0	0	0	0	0	0	0	0	0	0	0	5,98331718096407	0	0	0	0
ASV821	Chaetothyriales_gen_Incertae_sedis	NA	NA	0	0	0	0	0	0	0	0	0	0	0	0	0	0	0	0	0	0	0	5,26217765506421	0	0	0	0	0	0	0	0	0	0
ASV270	Cladophialophora	Animal Pathogen-Fungal Parasite-Undefined Saprotroph	Probable	0	0	0	0	0	0	0	0	0	0	0	0	0	0	0	0	0	0	0	0	0	7,49312807850136	0	0	0	0	0	5,82580888759548	0	0
ASV373	Cladophialophora	Animal Pathogen-Fungal Parasite-Undefined Saprotroph	Probable	0	0	0	0	0	0	0	0	0	0	0	0	0	0	0	0	0	0	0	0	0	7,05720434008501	0	0	0	0	0	0	0	0
ASV472	Cladophialophora	Animal Pathogen-Fungal Parasite-Undefined Saprotroph	Probable	0	0	0	0	0	0	0	0	0	0	0	0	0	0	0	0	0	0	0	0	0	6,55791110645373	0	0	0	0	0	0	0	0
ASV905	Cladophialophora	Animal Pathogen-Fungal Parasite-Undefined Saprotroph	Probable	0	0	0	0	0	0	0	0	0	0	0	0	0	0	0	0	0	0	0	0	0	0	0	0	0	0	0	5,0232621939334	0	0
ASV396	Cladosporium	Animal Pathogen-Endophyte-Lichen Parasite-Plant Pathogen-Wood Saprotroph	Possible	0	0	0	0	0	0	0	0	0	0	0	0	0	0	0	0	6,72077402493665	0	0	0	0	0	0	3,93016676990183	0	0	0	0	0	0
ASV471	Cladosporium	Animal Pathogen-Endophyte-Lichen Parasite-Plant Pathogen-Wood Saprotroph	Possible	0	0	0	0	0	0	0	0	0	0	0	0	0	0	0	0	6,57091104238712	0	0	0	0	0	0	0	0	0	0	0	0	0
ASV607	Cladosporium	Animal Pathogen-Endophyte-Lichen Parasite-Plant Pathogen-Wood Saprotroph	Possible	0	0	0	0	0	0	0	0	0	0	0	0	0	0	0	0	5,99660099823314	0	0	0	0	0	0	0	0	0	0	0	0	0
ASV844	Clavicipitaceae_gen_Incertae_sedis	Endophyte-Epiphyte-Fungal Parasite-Insect Parasite	Possible	0	0	0	0	0	0	0	0	0	0	0	0	0	0	0	0	0	0	0	0	0	0	0	0	0	0	0	5,21450734798999	0	0
ASV904	Clavicipitaceae_gen_Incertae_sedis	Endophyte-Epiphyte-Fungal Parasite-Insect Parasite	Possible	0	0	0	0	0	0	0	0	0	0	0	0	0	0	0	0	0	0	0	0	0	0	0	0	0	0	0	5,0232621939334	0	0
ASV327	Coniophora	Lichen Parasite-Wood Saprotroph	Probable	0	0	0	0	0	0	0	0	0	0	0	0	0	0	0	0	0	0	0	0	0	0	0	0	0	0	7,36072009667392	0	0	0
ASV392	Coniophora	Lichen Parasite-Wood Saprotroph	Probable	0	0	0	0	0	0	0	0	0	0	0	0	0	0	0	0	0	0	0	0	0	0	0	0	0	0	6,9600697308007	0	0	0
ASV398	Coniophora	Lichen Parasite-Wood Saprotroph	Probable	0	0	0	0	0	0	0	0	0	0	0	0	0	0	0	0	0	0	0	0	0	0	0	0	0	0	6,91873518280947	0	0	0
ASV401	Coniophora	Lichen Parasite-Wood Saprotroph	Probable	0	0	0	0	0	0	0	0	0	0	0	0	0	0	0	0	0	0	0	0	0	0	0	0	0	0	6,90468957169828	0	0	0
ASV460	Coniophora	Lichen Parasite-Wood Saprotroph	Probable	0	0	0	0	0	0	0	0	0	0	0	0	0	0	0	0	0	0	0	0	0	0	0	0	0	0	6,65909553125025	0	0	0
ASV291	Cryptodiscus	Lichenized-Wood Saprotroph	Probable	0	0	0	0	0	0	0	0	0	0	0	0	0	0	0	0	0	0	0	0	0	5,66312948680767	0	0	0	0	0	7,22945399557253	0	0
ASV296	Cyberlindnera	Undefined Saprotroph	Possible	0	0	0	0	0	0	0	0	7,56169228981338	0	0	0	0	0	0	0	0	0	0	0	0	0	0	0	0	0	0	0	0	0
ASV362	Cyberlindnera	Undefined Saprotroph	Possible	0	0	0	0	0	0	0	0	7,12054698173599	0	0	0	0	0	0	0	0	0	0	0	0	0	0	0	0	0	0	0	0	0
ASV794	Cyphellophora	Animal Pathogen-Undefined Saprotroph	Probable	0	0	0	0	0	0	0	0	0	0	0	0	0	0	0	0	0	0	0	0	0	5,33482854384243	0	0	0	0	0	0	0	0
ASV901	Cyphellophora	Animal Pathogen-Undefined Saprotroph	Probable	0	0	0	0	0	0	0	0	0	0	0	0	0	0	0	0	0	0	0	0	0	5,01515389903994	0	0	0	0	0	0	0	0
ASV644	Dactylospora	|Lichen Parasite|-Undefined Saprotroph	Possible	0	0	0	0	0	0	0	0	0	0	0	0	0	0	0	0	5,85966839226364	0	0	0	0	0	0	0	0	0	0	0	0	0
ASV19	Devriesia	Animal Pathogen-Plant Pathogen-Undefined Saprotroph	Probable	0	0	0	0	0	0	0	0	8,13714019597586	0	0	0	0	0	0	0	4,9760330435116	10,8591631159112	11,2292498176483	9,63077325483168	10,516794419854	10,106703100624	9,70940689183399	9,20627811411227	8,43408359087786	11,2472461931471	7,89608341220744	10,31867876262	8,92794744542317	7,85450935138027
ASV23	Devriesia	Animal Pathogen-Plant Pathogen-Undefined Saprotroph	Probable	0	0	0	0	0	0	0	0	7,87791917797987	0	0	0	0	0	0	0	5,21933725294864	10,6024611161795	10,8351176315079	9,35346441950081	10,2535818181602	9,77621127119523	9,3498359716608	8,78013789945817	7,9529689889809	10,9642986242654	7,43100364736306	9,95321193196588	8,3606244464975	7,63480349756504
ASV33	Devriesia	Animal Pathogen-Plant Pathogen-Undefined Saprotroph	Probable	0	0	0	0	0	0	0	0	7,20219647792324	0	0	0	0	0	0	4,8159321038819	4,86592626390521	9,9677904484355	10,1386652740106	8,79778330702972	9,52500228067174	9,31339691606914	8,71787561195632	8,21251604263696	7,70913596498903	10,4028277381753	6,84709839583512	9,38261744858962	7,70771134817643	7,21471906496988
ASV331	Devriesia	Animal Pathogen-Plant Pathogen-Undefined Saprotroph	Probable	0	0	0	0	0	0	0	0	0	0	0	0	0	0	0	0	0	0	5,91116790217374	5,17259183850049	5,17594401894244	0	0	0	0	0	0	4,86110547922366	0	0
ASV675	Devriesia	Animal Pathogen-Plant Pathogen-Undefined Saprotroph	Probable	0	0	0	0	0	0	0	0	0	0	0	0	0	0	0	0	0	0	0	0	0	5,11393900765715	0	0	0	0	0	4,39202969413192	0	0
ASV891	Devriesia	Animal Pathogen-Plant Pathogen-Undefined Saprotroph	Probable	0	0	0	0	0	0	0	0	0	0	0	0	0	0	0	0	0	0	0	0	0	0	0	5,07450375206487	0	0	0	0	0	0
ASV586	Dothideomycetes_gen_Incertae_sedis	NA	NA	0	0	0	0	0	0	0	0	0	0	0	0	0	0	0	4,75509283630175	0	5,39284280668089	0	0	0	0	0	0	0	0	0	0	0	0
ASV739	Dothideomycetes_gen_Incertae_sedis	NA	NA	0	0	0	0	0	0	0	0	0	0	0	0	0	0	0	0	0	5,50765289156171	0	0	0	0	0	0	0	0	0	0	0	0
ASV380	Exophiala	Animal Pathogen-Fungal Parasite-Undefined Saprotroph	Probable	0	0	0	0	0	0	0	0	0	0	0	0	0	0	0	0	7,03248453303715	0	0	0	0	0	0	0	0	0	0	0	0	0
ASV420	Exophiala	Animal Pathogen-Fungal Parasite-Undefined Saprotroph	Probable	0	0	0	0	0	0	0	0	0	0	0	0	0	0	0	0	6,81267819839902	0	0	0	0	0	0	0	0	0	0	0	0	0
ASV455	Exophiala	Animal Pathogen-Fungal Parasite-Undefined Saprotroph	Probable	0	0	0	0	0	0	0	0	0	0	0	0	0	0	0	5,83906850393257	5,46572027900182	0	0	0	0	0	0	0	0	0	0	0	0	0
ASV456	Exophiala	Animal Pathogen-Fungal Parasite-Undefined Saprotroph	Probable	0	0	0	0	0	0	0	0	0	0	0	0	0	0	0	0	6,63944526628545	0	0	0	0	0	0	0	0	0	0	0	0	0
ASV459	Exophiala	Animal Pathogen-Fungal Parasite-Undefined Saprotroph	Probable	0	0	0	0	0	0	0	0	0	0	0	0	0	0	0	0	0	0	0	0	0	6,1086686230162	0	0	0	0	0	4,9712091762702	0	0
ASV487	Exophiala	Animal Pathogen-Fungal Parasite-Undefined Saprotroph	Probable	0	0	0	0	0	0	0	0	0	0	0	0	0	0	6,5186032496615	0	0	0	0	0	0	0	0	0	0	0	0	0	0	0
ASV595	Exophiala	Animal Pathogen-Fungal Parasite-Undefined Saprotroph	Probable	0	0	0	0	0	0	0	0	0	0	0	0	0	0	0	0	6,04793089660976	0	0	0	0	0	0	0	0	0	0	0	0	0
ASV617	Exophiala	Animal Pathogen-Fungal Parasite-Undefined Saprotroph	Probable	0	0	0	0	0	0	0	0	0	0	0	0	0	0	0	0	5,94337721970364	0	0	0	0	0	0	0	0	0	0	0	0	0
ASV673	Exophiala	Animal Pathogen-Fungal Parasite-Undefined Saprotroph	Probable	0	0	0	0	0	0	0	0	0	0	0	0	0	0	0	0	5,77080170921072	0	0	0	0	0	0	0	0	0	0	0	0	0
ASV738	Exophiala	Animal Pathogen-Fungal Parasite-Undefined Saprotroph	Probable	0	0	0	0	0	0	0	0	0	0	0	0	0	0	0	0	5,50298357994844	0	0	0	0	0	0	0	0	0	0	0	0	0
ASV819	Exophiala	Animal Pathogen-Fungal Parasite-Undefined Saprotroph	Probable	0	0	0	0	0	0	0	0	0	0	0	0	0	0	0	0	5,26343514738658	0	0	0	0	0	0	0	0	0	0	0	0	0
ASV836	Exophiala	Animal Pathogen-Fungal Parasite-Undefined Saprotroph	Probable	0	0	0	0	0	0	0	0	0	0	0	0	0	0	0	0	5,21933725294864	0	0	0	0	0	0	0	0	0	0	0	0	0
ASV884	Exophiala	Animal Pathogen-Fungal Parasite-Undefined Saprotroph	Probable	0	0	0	0	0	0	0	0	0	0	0	0	0	0	0	0	5,07832881345407	0	0	0	0	0	0	0	0	0	0	0	0	0
ASV885	Exophiala	Animal Pathogen-Fungal Parasite-Undefined Saprotroph	Probable	0	0	0	0	0	0	0	0	0	0	0	0	0	0	0	0	5,07832881345407	0	0	0	0	0	0	0	0	0	0	0	0	0
ASV5	Fomitopsis	Plant Pathogen-Wood Saprotroph	Probable	13,8292500170701	13,9756799347666	0	0	0	0	0	0	0	0	0	0	14,0200928495291	0	0	0	0	0	0	0	0	0	0	0	0	0	0	0	0	0
ASV7	Fomitopsis	Plant Pathogen-Wood Saprotroph	Probable	13,5649871568162	13,7069640446109	0	0	0	0	0	0	0	0	0	0	13,7458017562516	0	0	0	0	0	0	0	0	0	0	0	0	0	0	0	0	0
ASV15	Fomitopsis	Plant Pathogen-Wood Saprotroph	Probable	12,8756296261039	12,9782225259726	0	0	0	0	0	0	0	0	0	0	13,0106172989414	0	0	0	0	0	0	0	0	0	0	0	0	0	0	0	0	0
ASV16	Fomitopsis	Plant Pathogen-Wood Saprotroph	Probable	12,521480448108	12,6748588351092	0	0	0	0	0	0	0	0	0	0	12,7248725141816	0	0	0	0	0	0	0	0	0	0	0	0	0	0	0	0	0
ASV18	Fomitopsis	Plant Pathogen-Wood Saprotroph	Probable	12,1912655519977	12,4262620072257	0	0	0	0	0	3,84138779857348	0	0	0	0	12,4001448571894	0	0	0	0	0	0	0	0	0	0	0	0	0	0	0	0	0
ASV41	Fomitopsis	Plant Pathogen-Wood Saprotroph	Probable	10,8981264172935	11,0897491611082	0	0	0	0	0	0	0	0	0	0	11,0447695604491	0	0	0	0	0	0	0	0	0	0	0	0	0	0	0	0	0
ASV368	Fungi_gen_Incertae_sedis	NA	NA	0	0	0	0	0	0	0	0	0	0	0	0	0	0	5,93562842975719	4,75509283630175	5,70836262797507	0	0	0	0	0	0	0	0	0	0	0	0	0
ASV411	Fungi_gen_Incertae_sedis	NA	NA	0	0	0	0	0	0	0	0	0	0	0	0	0	0	5,14643782146594	5,39658059336163	5,306224986169	0	0	0	0	0	0	0	0	0	0	0	0	0
ASV492	Fungi_gen_Incertae_sedis	NA	NA	0	0	0	0	0	0	0	0	0	0	0	0	0	0	5,72796799022965	5,27183551413637	0	0	0	0	0	0	0	0	0	0	0	0	0	0
ASV843	GS18_gen_Incertae_sedis	NA	NA	0	0	0	0	0	0	0	0	0	0	0	0	0	0	0	0	0	0	0	0	0	0	0	0	0	0	0	5,21450734798999	0	0
ASV787	Helotiales_gen_Incertae_sedis	NA	NA	0	0	0	0	0	0	0	0	0	0	0	0	0	0	5,04763606016879	3,2564568455478	0	0	0	0	0	0	0	0	0	0	0	0	0	0
ASV896	Helotiales_gen_Incertae_sedis	NA	NA	0	0	0	0	0	0	0	0	0	0	0	0	0	0	5,04763606016879	0	0	0	0	0	0	0	0	0	0	0	0	0	0	0
ASV792	Hypocreales_gen_Incertae_sedis	Undefined Saprotroph	Possible	0	0	0	0	0	0	0	0	0	0	0	0	0	0	0	0	5,34778214100303	0	0	0	0	0	0	0	0	0	0	0	0	0
ASV924	Hypocreales_gen_Incertae_sedis	Undefined Saprotroph	Possible	0	0	0	0	0	0	0	0	0	0	0	0	0	0	0	0	0	0	0	0	0	0	0	0	0	0	0	4,9712091762702	0	0
ASV702	Lycoperdon	Undefined Saprotroph	Probable	0	0	0	0	0	0	0	0	0	0	0	0	0	0	0	0	0	0	0	0	0	5,66312948680767	0	0	0	0	0	0	0	0
ASV632	Malassezia	Animal Pathogen	Probable	0	0	0	0	0	0	0	0	5,88962419531751	0	0	0	0	0	0	0	0	0	0	0	0	0	0	0	0	0	0	0	0	0
ASV749	Malassezia	Animal Pathogen	Probable	0	0	0	0	0	0	0	0	5,46722784713026	0	0	0	0	0	0	0	0	0	0	0	0	0	0	0	0	0	0	0	0	0
ASV427	Mycocalicium	Lichen Parasite-Lichenized-|Undefined Saprotroph|	Possible	0	0	0	0	0	0	0	0	0	0	0	0	0	0	0	0	6,76745781274655	0	0	0	0	0	0	0	0	0	0	0	0	0
ASV8	NA	Undefined Saprotroph	Possible	0	0	0	12,0742259422202	13,0480559469413	13,1218645361069	12,9679451515467	0	0	0	0	0	0	11,9473831760739	0	4,8159321038819	4,86592626390521	0	6,18694968629263	7,48641016106352	6,36580407230981	5,52634491805357	0	6,82359678881667	0	0	0	0	0	0
ASV17	NA	Plant Pathogen-Wood Saprotroph	Probable	12,5360916928488	12,6877465339783	0	0	0	0	0	0	0	0	0	0	12,667541527039	0	0	0	0	0	0	0	0	0	0	0	0	0	0	0	0	0
ASV32	NA	NA	NA	0	0	0	0	0	0	0	0	0	0	0	0	0	0	0	0	0	9,7615242438242	9,91755530648992	7,80234183800875	10,1037391295303	8,99809316235307	8,70176569322673	8,04624580668291	8,49137562367904	10,946494853103	7,40130037921634	9,20526952106665	7,20997840773242	7,97322082023257
ASV42	NA	NA	NA	0	0	0	0	0	0	0	0	0	0	0	0	0	0	0	0	0	0	0	0	0	0	12,5857868835303	0	0	0	0	0	0	0
ASV43	NA	NA	NA	0	0	0	0	0	0	0	0	6,73801636700586	0	0	0	0	0	0	0	4,86592626390521	9,58319163779918	9,83440734163949	8,43330637893323	9,19524027899551	8,95210391481372	8,46935966982549	7,85109850467681	7,4830045071517	10,017417166434	6,57290363470136	9,06951674898317	7,58967901396649	6,89906187274968
ASV51	NA	NA	NA	0	0	0	0	0	0	0	0	0	0	0	0	0	0	0	0	0	7,98383677290011	7,60740408580558	0	5,26553125134271	11,7429974280688	5,043608418339	0	0	8,52741985389209	0	9,4554693698733	0	4,32926922576262
ASV53	NA	Plant Pathogen-Wood Saprotroph	Probable	10,5842082418117	10,7208878633636	0	0	0	0	0	0	0	0	0	0	10,7421670902664	0	0	0	0	0	0	0	0	0	0	0	0	0	0	0	0	0
ASV76	NA	NA	NA	0	0	0	0	0	0	0	0	0	0	0	0	0	0	0	0	0	0	0	0	0	0	11,24836610719	0	0	0	0	0	0	0
ASV77	NA	NA	NA	0	0	0	0	0	0	0	0	0	0	0	0	0	0	0	0	0	0	0	0	0	0	0	6,93656419793891	0	11,081575459762	0	0	0	0
ASV89	NA	Lichenized-Wood Saprotroph	Probable	0	0	0	0	0	0	0	0	0	0	0	0	0	0	0	0	0	0	7,94759784257357	0	0	8,12260234935747	0	0	0	0	0	10,1371897027178	0	0
ASV101	NA	Lichenized-Wood Saprotroph	Probable	0	0	0	0	0	0	0	0	0	0	0	0	0	0	0	0	0	0	7,65767156528323	4,68194796749308	0	7,84911529486839	0	0	0	0	0	9,7711227076178	0	0
ASV137	NA	NA	NA	0	0	0	0	0	0	0	0	0	0	0	0	0	0	0	0	0	0	9,38759038017315	4,47267764328283	0	0	0	0	0	0	0	0	0	0
ASV148	NA	NA	NA	0	0	0	0	0	0	0	0	0	0	0	0	0	0	0	0	0	0	9,0849066366993	4,92077457731078	0	0	0	0	0	0	0	0	0	0
ASV160	NA	Animal Pathogen-Fungal Parasite-Undefined Saprotroph	Probable	0	0	0	0	0	0	0	0	0	0	0	0	0	0	0	0	0	5,4321368255733	5,38334211249488	0	0	7,3073107641617	0	0	0	0	0	8,09473054180163	0	0
ASV168	NA	NA	NA	0	0	0	0	0	0	0	0	0	0	0	0	0	0	5,19341190878778	8,80749938219146	0	0	0	0	0	0	0	0	0	0	0	0	0	0
ASV183	NA	NA	NA	0	0	0	0	0	0	0	0	0	0	0	0	0	0	0	0	0	0	0	0	0	0	0	0	0	8,70330568488634	0	0	0	0
ASV188	NA	Animal Pathogen-Fungal Parasite-Undefined Saprotroph	Probable	0	0	0	0	0	0	0	0	0	0	0	0	0	0	0	0	0	4,75136762723483	0	0	0	7,23233246381026	0	0	0	0	0	7,83560700139273	0	0
ASV190	NA	NA	NA	0	0	0	0	0	0	0	0	0	0	0	0	0	0	0	0	0	0	0	0	0	6,35070602249244	0	0	0	0	0	8,31953653531379	0	0
ASV200	NA	NA	NA	0	0	0	0	0	0	0	0	0	0	0	0	0	0	0	0	0	0	8,37567570631688	4,54585977181933	0	0	0	0	3,83426533665774	0	0	0	0	0
ASV203	NA	NA	NA	0	0	0	0	0	0	0	0	0	0	0	0	0	0	5,14643782146594	8,3432157340688	0	0	0	0	0	0	0	0	0	0	0	0	0	0
ASV207	NA	NA	NA	0	0	0	0	0	0	0	0	0	0	0	0	0	0	0	0	0	0	0	0	0	0	0	8,42104478487608	0	0	0	0	0	0
ASV221	NA	Animal Pathogen-Fungal Parasite-Undefined Saprotroph	Probable	0	0	0	0	0	0	0	0	0	0	0	0	0	0	5,09788259320059	0	0	0	0	0	0	0	0	8,14358973310005	0	0	0	0	0	0
ASV231	NA	NA	NA	0	0	0	0	0	0	0	0	0	0	0	0	0	0	0	0	0	0	0	0	0	0	0	0	7,68478154886309	0	0	0	6,64327799152067	0
ASV236	NA	Animal Pathogen-Fungal Parasite-Undefined Saprotroph	Probable	0	0	0	0	0	0	0	0	0	0	0	0	0	0	7,39126181679517	5,83906850393257	6,07292684468207	0	0	0	0	0	0	0	0	0	0	0	0	0
ASV237	NA	NA	NA	0	0	0	0	0	0	0	0	0	0	0	0	0	0	0	0	0	4,92668627775185	0	0	0	6,08451064595386	0	0	0	0	0	7,56413373546628	0	0
ASV242	NA	Algal Parasite-Bryophyte Parasite-Fungal Parasite-Undefined Saprotroph	Probable	0	0	0	0	0	0	0	0	8,10717270701551	0	0	0	0	0	0	0	0	0	0	0	0	0	0	0	0	0	0	0	0	0
ASV243	NA	NA	NA	0	0	0	0	0	0	0	0	8,10717270701551	0	0	0	0	0	0	0	0	0	0	0	0	0	0	0	0	0	0	0	0	0
ASV260	NA	Algal Parasite-Bryophyte Parasite-Fungal Parasite-Undefined Saprotroph	Probable	0	0	0	0	0	0	0	0	7,96068946246442	0	0	0	0	0	0	0	0	0	0	0	0	0	0	0	0	0	0	0	0	0
ASV263	NA	NA	NA	0	0	0	0	0	0	0	0	7,94721999694583	0	0	0	0	0	0	0	0	0	0	0	0	0	0	0	0	0	0	0	0	0
ASV274	NA	Fungal Parasite-Undefined Saprotroph	Possible	0	0	0	0	0	0	0	0	7,75961053478724	0	0	0	0	0	0	0	0	0	0	0	0	0	0	0	3,42765418779868	0	0	0	0	0
ASV282	NA	Animal Pathogen-Plant Pathogen-Undefined Saprotroph	Possible	0	0	0	0	0	0	0	0	7,77494066866277	0	0	0	0	0	0	0	0	0	0	0	0	0	0	0	0	0	0	0	0	0
ASV283	NA	NA	NA	0	0	0	0	0	0	0	0	0	0	0	0	0	0	0	0	0	0	0	0	0	0	0	0	7,16862880058525	0	0	0	6,27933148229357	0
ASV288	NA	NA	NA	0	0	0	0	0	0	0	0	7,68853469683571	0	0	0	0	0	0	0	0	0	0	0	0	0	0	0	0	0	0	0	0	0
ASV293	NA	NA	NA	0	0	0	0	0	0	0	0	0	0	0	0	0	0	0	0	0	0	0	5,99534019689059	0	5,93039622524525	0	0	0	0	0	5,85482668481636	4,0595793347674	0
ASV295	NA	NA	NA	0	0	0	0	0	0	0	0	0	0	0	0	0	0	0	7,58619330839313	0	0	0	0	0	0	0	0	0	0	0	0	0	0
ASV302	NA	Undefined Saprotroph	Possible	0	0	0	4,82457738932811	5,82165932365014	5,44806450436014	5,88029515963265	0	0	0	0	0	0	0	0	0	0	0	0	0	0	0	0	0	0	0	0	0	0	0
ASV306	NA	NA	NA	0	0	0	0	0	0	0	0	7,47986361129422	0	0	0	0	0	0	0	0	0	0	0	0	0	0	0	0	0	0	0	0	0
ASV309	NA	Animal Pathogen-Plant Pathogen-Undefined Saprotroph	Possible	0	0	0	0	0	0	0	0	7,4704782809025	0	0	0	0	0	0	0	0	0	0	0	0	0	0	0	0	0	0	0	0	0
ASV312	NA	NA	NA	0	0	0	0	0	0	0	0	7,44195029977939	0	0	0	0	0	0	0	0	0	0	0	0	0	0	0	0	0	0	0	0	0
ASV317	NA	NA	NA	0	0	0	0	0	0	0	0	7,40301369191913	0	0	0	0	0	0	0	0	0	0	0	0	0	0	0	0	0	0	0	0	0
ASV325	NA	NA	NA	0	0	0	0	0	0	0	0	7,37310572210369	0	0	0	0	0	0	0	0	0	0	0	0	0	0	0	0	0	0	0	0	0
ASV328	NA	Animal Pathogen-Plant Pathogen-Undefined Saprotroph	Possible	0	0	0	0	0	0	0	0	7,32183862959804	0	0	0	0	0	0	0	0	0	0	0	0	0	0	0	0	0	0	0	0	0
ASV329	NA	Animal Pathogen-Plant Pathogen-Undefined Saprotroph	Possible	0	0	0	0	0	0	0	0	7,31136291131324	0	0	0	0	0	0	0	0	0	0	0	0	0	0	0	0	0	0	0	0	0
ASV333	NA	Fungal Parasite-Undefined Saprotroph	Possible	0	0	0	0	0	0	0	0	7,27947147512821	0	0	0	0	0	0	0	0	0	0	0	0	0	0	0	0	0	0	0	0	0
ASV346	NA	NA	NA	0	0	0	0	0	0	0	0	0	0	0	0	0	0	0	0	7,20068285692884	0	0	0	0	0	0	0	0	0	0	0	0	0
ASV347	NA	NA	NA	0	0	0	0	0	0	0	0	0	0	0	0	0	0	0	0	0	0	5,99175737517925	0	5,46781819047225	0	0	0	0	0	5,40775758939115	0	0	0
ASV357	NA	NA	NA	0	0	0	0	0	0	0	0	0	0	0	0	0	0	0	0	0	0	0	0	0	0	0	0	7,16862880058525	0	0	0	0	0
ASV364	NA	NA	NA	0	0	0	0	0	0	0	0	7,10849619261936	0	0	0	0	0	0	0	0	0	0	0	0	0	0	0	0	0	0	0	0	0
ASV374	NA	Ectomycorrhizal-Undefined Saprotroph	Probable	0	0	0	0	0	0	0	0	0	0	0	0	0	0	0	0	0	0	0	0	0	0	0	4,6129465543233	0	0	6,81741709196901	0	0	0
ASV375	NA	NA	NA	0	0	0	0	0	0	0	0	0	0	0	0	0	0	0	0	0	0	0	0	0	0	0	0	7,08424838876858	0	0	0	0	0
ASV378	NA	NA	NA	0	0	0	0	0	0	0	0	0	0	0	0	0	0	0	0	0	0	0	0	0	0	0	0	7,05920459864075	0	0	0	0	0
ASV387	NA	Animal Pathogen-Fungal Parasite-Undefined Saprotroph	Probable	0	0	0	0	0	0	0	0	0	0	0	0	0	0	0	0	0	0	0	0	0	0	0	6,9898951019768	0	0	0	0	0	0
ASV418	NA	NA	NA	0	0	0	0	0	0	0	0	0	0	0	0	0	0	6,8323340738274	0	0	0	0	0	0	0	0	0	0	0	0	0	0	0
ASV431	NA	NA	NA	0	0	0	0	0	0	0	0	0	0	0	0	0	0	6,06755604954423	5,39658059336163	0	0	0	0	0	0	0	0	0	0	0	0	0	0
ASV432	NA	NA	NA	0	0	0	0	0	0	0	0	0	0	0	0	0	0	0	0	0	6,40833806957302	4,542301517607	0	0	0	0	0	0	0	0	0	0	0
ASV451	NA	NA	NA	0	0	0	0	0	0	0	0	0	0	0	0	0	0	0	0	0	0	4,13244854549185	0	4,74880638613811	5,87513553473797	0	0	0	0	0	0	0	0
ASV453	NA	NA	NA	0	0	0	0	0	0	0	0	0	0	0	0	0	0	6,65909553125025	0	0	0	0	0	0	0	0	0	0	0	0	0	0	0
ASV466	NA	NA	NA	0	0	0	0	0	0	0	0	0	0	0	0	0	0	0	0	6,60558507627949	0	0	0	0	0	0	0	0	0	0	0	0	0
ASV485	NA	Undefined Saprotroph	Possible	0	0	0	0	0	0	0	0	0	0	0	0	0	0	0	0	0	0	2,84105783139031	0	0	0	0	6,41938471990688	0	0	0	0	0	0
ASV501	NA	Plant Pathogen-Wood Saprotroph	Probable	4,82867179192584	4,94316388295778	0	0	0	0	0	0	0	0	0	0	4,99557612805822	0	0	0	0	0	0	0	0	0	0	0	0	0	0	0	0	0
ASV510	NA	NA	NA	0	0	0	0	0	0	0	0	0	0	0	0	0	0	6,42329811739317	0	0	0	0	0	0	0	0	0	0	0	0	0	0	0
ASV511	NA	NA	NA	0	0	0	0	0	0	0	0	0	0	0	0	0	0	0	6,41208724403771	0	0	0	0	0	0	0	0	0	0	0	0	0	0
ASV520	NA	Animal Pathogen-Fungal Parasite-Undefined Saprotroph	Probable	0	0	0	0	0	0	0	0	0	0	0	0	0	0	0	0	0	6,36838161057006	0	0	0	0	0	0	0	0	0	0	0	0
ASV522	NA	NA	NA	0	0	0	0	0	0	0	0	0	0	0	0	0	0	0	0	6,34329976549283	0	0	0	0	0	0	0	0	0	0	0	0	0
ASV523	NA	NA	NA	0	0	0	0	0	0	0	0	0	0	0	0	0	0	0	0	6,34329976549283	0	0	0	0	0	0	0	0	0	0	0	0	0
ASV527	NA	NA	NA	0	0	0	0	0	0	0	0	0	0	0	0	0	0	6,34224440872458	0	0	0	0	0	0	0	0	0	0	0	0	0	0	0
ASV529	NA	NA	NA	0	0	0	0	0	0	0	0	0	0	0	0	0	0	0	0	0	0	5,25860425227777	0	0	0	5,44301889434097	0	0	0	0	0	0	0
ASV534	NA	NA	NA	0	0	0	0	0	0	0	0	0	0	0	0	0	0	4,99557612805822	5,58315246345917	0	0	0	0	0	0	0	0	0	0	0	0	0	0
ASV538	NA	Animal Pathogen-Fungal Parasite-Undefined Saprotroph	Probable	0	0	0	0	0	0	0	0	0	0	0	0	0	0	0	0	6,28030708913335	0	0	0	0	0	0	0	0	0	0	0	0	0
ASV544	NA	NA	NA	0	0	0	0	0	0	0	0	0	0	0	0	0	0	0	0	6,25868312166219	0	0	0	0	0	0	0	0	0	0	0	0	0
ASV545	NA	Undefined Saprotroph	Possible	0	0	0	0	0	0	0	0	0	0	0	0	0	0	0	0	0	0	0	0	0	0	0	6,25484198474541	0	0	0	0	0	0
ASV556	NA	Endophyte-Insect Pathogen	Probable	0	0	0	0	0	0	0	6,21303259619304	0	0	0	0	0	0	0	0	0	0	0	0	0	0	0	0	0	0	0	0	0	0
ASV563	NA	NA	NA	0	0	0	0	0	0	0	0	0	0	0	0	0	0	0	0	6,16879260347006	0	0	0	0	0	0	0	0	0	0	0	0	0
ASV567	NA	Endophyte-Insect Pathogen	Probable	0	0	0	0	0	0	0	6,16665119853783	0	0	0	0	0	0	0	0	0	0	0	0	0	0	0	0	0	0	0	0	0	0
ASV569	NA	NA	NA	0	0	0	0	0	0	0	0	0	0	0	0	0	0	0	0	0	6,15009541013879	0	0	0	0	0	0	0	0	0	0	0	0
ASV577	NA	Animal Pathogen-Endophyte-Fungal Parasite-Lichen Parasite-Plant Pathogen-Wood Saprotroph	Possible	0	0	0	0	0	0	0	0	0	0	0	0	0	0	0	0	0	0	0	0	0	0	0	0	0	0	0	0	6,16605955654572	0
ASV584	NA	Undefined Saprotroph	Possible	0	0	0	0	0	0	0	0	0	0	0	0	0	0	0	0	0	0	0	0	0	5,69539112383739	0	0	0	0	0	4,13244854549185	0	0
ASV591	NA	NA	NA	0	0	0	0	0	0	0	0	0	0	0	0	0	0	0	0	0	0	0	0	0	0	0	0	0	0	0	0	6,09356588956036	0
ASV594	NA	NA	NA	0	0	0	0	0	0	0	0	0	0	0	0	0	0	0	6,00502339643423	0	0	1,88991838446057	0	0	0	0	0	0	0	0	0	0	0
ASV623	NA	Undefined Saprotroph	Possible	0	0	0	0	0	0	0	5,93723189101951	0	0	0	0	0	0	0	0	0	0	0	0	0	0	0	0	0	0	0	0	0	0
ASV647	NA	NA	NA	0	0	0	0	0	0	0	0	0	0	0	0	0	0	0	0	0	0	0	5,8584080889398	0	0	0	0	0	0	0	0	0	0
ASV649	NA	Animal Pathogen-Plant Pathogen-Undefined Saprotroph	Probable	0	0	0	0	0	0	0	0	0	0	0	0	0	0	0	0	0	0	0	0	0	0	0	0	0	5,8727468455384	0	0	0	0
ASV653	NA	NA	NA	0	0	0	0	0	0	0	0	0	0	0	0	0	0	5,85026319440332	0	0	0	0	0	0	0	0	0	0	0	0	0	0	0
ASV655	NA	NA	NA	0	0	0	0	0	0	0	0	0	0	0	0	0	0	0	0	5,83065016532093	0	0	0	0	0	0	0	0	0	0	0	0	0
ASV656	NA	Animal Pathogen-Fungal Parasite-Undefined Saprotroph	Probable	0	0	0	0	0	0	0	0	0	0	0	0	0	0	0	0	5,83065016532093	0	0	0	0	0	0	0	0	0	0	0	0	0
ASV659	NA	Animal Pathogen-Endophyte-Lichen Parasite-Plant Pathogen-Wood Saprotroph	Possible	0	0	0	0	0	0	0	0	0	0	0	0	0	0	0	0	0	0	0	5,82938997371611	0	0	0	0	0	0	0	0	0	0
ASV664	NA	Undefined Saprotroph	Possible	0	0	0	0	0	0	0	5,82225040343199	0	0	0	0	0	0	0	0	0	0	0	0	0	0	0	0	0	0	0	0	0	0
ASV684	NA	Animal Pathogen-Endophyte-Fungal Parasite-Lichen Parasite-Plant Pathogen-Wood Saprotroph	Possible	0	0	0	0	0	0	0	0	0	0	0	0	0	0	0	0	0	0	0	0	0	0	0	0	0	0	0	0	5,76053897579492	0
ASV691	NA	NA	NA	0	0	0	0	0	0	0	0	0	0	0	0	0	0	0	0	0	5,71303539527783	0	0	0	0	0	0	0	0	0	0	0	0
ASV693	NA	NA	NA	0	0	0	0	0	0	0	0	0	0	0	0	0	0	0	0	0	0	5,70352325874109	0	0	0	0	0	0	0	0	0	0	0
ASV697	NA	NA	NA	0	0	0	0	0	0	0	0	0	0	0	0	0	0	0	0	0	0	0	0	0	5,69539112383739	0	0	0	0	0	0	0	0
ASV700	NA	Animal Pathogen-Fungal Parasite-Undefined Saprotroph	Probable	0	0	0	0	0	0	0	0	0	0	0	0	0	0	5,69570279314682	0	0	0	0	0	0	0	0	0	0	0	0	0	0	0
ASV703	NA	NA	NA	0	0	0	0	0	0	0	0	0	0	0	0	0	0	0	0	0	0	0	0	0	0	0	5,67226475087765	0	0	0	0	0	0
ASV706	NA	Animal Pathogen-Fungal Parasite-Undefined Saprotroph	Probable	0	0	0	0	0	0	0	0	0	0	0	0	0	0	5,66269945154259	0	0	0	0	0	0	0	0	0	0	0	0	0	0	0
ASV711	NA	NA	NA	0	0	0	0	0	0	0	0	0	0	0	0	0	0	0	0	0	0	0	0	0	0	0	0	0	0	5,66269945154259	0	0	0
ASV712	NA	NA	NA	0	0	0	0	0	0	0	0	0	0	0	0	0	0	5,62892339896366	0	0	0	0	0	0	0	0	0	0	0	0	0	0	0
ASV715	NA	Ectomycorrhizal-Wood Saprotroph	Probable	0	0	0	0	0	0	0	0	0	0	0	0	0	0	0	0	0	0	0	0	0	4,96310320736362	0	0	0	0	0	4,22426442454849	0	0
ASV717	NA	NA	NA	0	0	0	0	0	0	0	0	0	0	0	0	0	0	0	0	0	0	0	0	0	0	0	0	0	0	0	0	0	5,62331261322093
ASV723	NA	NA	NA	0	0	0	0	0	0	0	0	0	0	0	0	0	0	0	0	0	5,57941194628599	0	0	0	0	0	0	0	0	0	0	0	0
ASV735	NA	NA	NA	0	0	0	0	0	0	0	0	0	0	0	0	0	0	0	0	0	0	0	0	0	0	0	0	5,55329286344348	0	0	0	0	0
ASV753	NA	NA	NA	0	0	0	0	0	0	0	0	0	0	0	0	0	0	0	0	0	0	0	5,46446170106317	0	0	0	0	0	0	0	0	0	0
ASV757	NA	NA	NA	0	0	0	0	0	0	0	0	0	0	0	0	0	0	0	0	0	0	0	0	0	0	0	5,4618884507632	0	0	0	0	0	0
ASV759	NA	NA	NA	0	0	0	0	0	0	0	0	0	0	0	0	0	0	0	0	0	0	0	0	0	0	0	0	0	0	0	5,46088520814963	0	0
ASV761	NA	NA	NA	0	0	0	0	0	0	0	0	0	0	0	0	0	0	5,44705401161882	0	0	0	0	0	0	0	0	0	0	0	0	0	0	0
ASV772	NA	NA	NA	0	0	0	0	0	0	0	0	0	0	0	0	0	0	0	0	0	0	0	0	0	0	0	0	0	0	0	0	0	5,44144708984888
ASV782	NA	Undefined Saprotroph	Possible	0	0	0	0	0	0	0	0	0	0	0	0	0	0	0	0	0	0	0	0	0	0	0	5,38434503673435	0	0	0	0	0	0
ASV783	NA	Ectomycorrhizal-Undefined Saprotroph	Probable	0	0	0	0	0	0	0	0	0	0	0	0	0	0	0	0	0	0	0	0	0	0	0	0	5,40215156806677	0	0	0	0	0
ASV807	NA	NA	NA	0	0	0	0	0	0	0	0	0	0	0	0	0	0	0	0	0	0	0	5,30496725142326	0	0	0	0	0	0	0	0	0	0
ASV809	NA	Undefined Saprotroph	Possible	0	0	0	0	0	0	0	0	0	0	0	0	0	0	0	0	0	0	0	5,30496725142326	0	0	0	0	0	0	0	0	0	0
ASV817	NA	NA	NA	0	0	0	0	0	0	0	0	0	0	0	0	0	0	0	5,27183551413637	0	0	0	0	0	0	0	0	0	0	0	0	0	0
ASV831	NA	NA	NA	0	0	0	0	0	0	0	0	0	0	0	0	0	0	0	0	0	0	0	0	0	0	0	0	0	0	0	5,25860425227777	0	0
ASV839	NA	NA	NA	0	0	0	0	0	0	0	0	0	0	0	0	0	0	0	0	0	0	0	0	0	5,20639118808276	0	0	0	0	0	0	0	0
ASV846	NA	NA	NA	0	0	0	0	0	0	0	0	5,17535443274588	0	0	0	0	0	0	0	0	0	0	0	0	0	0	0	0	0	0	0	0	0
ASV858	NA	Undefined Saprotroph	Possible	0	0	0	0	0	0	0	0	0	0	0	0	0	0	0	0	0	0	0	0	0	5,16090556601363	0	0	0	0	0	0	0	0
ASV863	NA	Undefined Saprotroph	Possible	0	0	0	0	0	0	0	0	0	0	0	0	0	0	0	0	5,12687922314728	0	0	0	0	0	0	0	0	0	0	0	0	0
ASV875	NA	Endophyte-Epiphyte-Fungal Parasite-Insect Parasite	Possible	0	0	0	0	0	0	0	0	0	0	0	0	0	0	0	0	0	0	0	0	0	0	0	0	0	0	0	5,12205149437767	0	0
ASV880	NA	NA	NA	0	0	0	0	0	0	0	0	0	0	0	0	0	0	5,09788259320059	0	0	0	0	0	0	0	0	0	0	0	0	0	0	0
ASV881	NA	NA	NA	0	0	0	0	0	0	0	0	0	0	0	0	0	0	5,09788259320059	0	0	0	0	0	0	0	0	0	0	0	0	0	0	0
ASV899	NA	NA	NA	0	0	0	0	0	0	0	0	0	0	0	0	0	0	0	0	5,02808743922808	0	0	0	0	0	0	0	0	0	0	0	0	0
ASV910	NA	NA	NA	0	0	0	0	0	0	0	0	0	0	0	0	0	0	4,99557612805822	0	0	0	0	0	0	0	0	0	0	0	0	0	0	0
ASV919	NA	Undefined Saprotroph	Possible	0	0	0	0	0	0	0	0	0	0	0	0	0	0	0	0	0	0	0	0	0	4,96310320736362	0	0	0	0	0	0	0	0
ASV922	NA	NA	NA	0	0	0	0	0	0	0	0	0	0	0	0	0	0	0	0	0	0	0	0	0	0	0	0	0	0	4,99557612805822	0	0	0
ASV1	Penicillium	Undefined Saprotroph	Possible	0	0	13,7898437581751	12,9101730691269	0	0	0	0	0	14,5757944965345	14,1099179266879	14,1395942415075	0	0	0	0	0	0	0	0	0	0	0	0	0	5,8727468455384	4,82707597951869	0	4,63726584812934	0
ASV2	Penicillium	Undefined Saprotroph	Possible	0	0	0	13,1548805872425	14,1734052657476	14,2583270531252	14,0258854342947	4,41789158932829	0	0	0	0	0	13,0296892304694	0	6,17721874999601	5,12687922314728	0	7,27310275533864	8,49466290046382	6,98269794187889	6,30961291198928	5,72392872046388	7,25245079425089	0	0	0	3,81567731262015	0	6,06193771624076
ASV3	Penicillium	Undefined Saprotroph	Possible	0	0	13,496284783284	12,6047748176719	0	0	0	0	0	14,298470312046	13,8314677997217	13,8374001742579	0	0	0	0	0	0	0	0	0	0	0	0	0	5,68917031461793	3,95333555425714	0	0	0
ASV4	Penicillium	Undefined Saprotroph	Possible	0	0	0	12,8694697782903	13,8773750632387	13,9477150396812	13,7392890895609	0	0	0	0	0	0	12,7378036183249	0	6,08135095947501	4,03917751688964	0	6,88017906547958	7,95119124981351	6,81478341336533	6,15580384439113	5,69166396046721	7,31647703198728	0	0	0	0	0	5,04203953138256
ASV6	Penicillium	Undefined Saprotroph	Possible	0	0	12,7468860088904	11,8373556605499	0	0	0	0	0	13,5219354046259	13,1155016526994	13,0616665223426	0	0	0	0	0	0	0	0	0	0	0	0	0	0	5,28300646630915	0	0	0
ASV10	Penicillium	Undefined Saprotroph	Possible	0	0	12,4038678489212	11,5305965612618	0	0	0	0	0	13,2341680911217	12,8304434538252	12,7653076718244	0	0	0	0	0	0	0	0	0	0	0	0	5,0922845945946	0	4,70270932276844	0	0	0
ASV11	Penicillium	Undefined Saprotroph	Possible	0	0	0	11,821584372213	12,8689406935441	12,93353112299	12,652088310034	0	0	0	0	0	3,83980590544801	11,7356226501932	0	5,39658059336163	4,31538581835605	0	6,06808222990458	7,16499093294554	5,80313666525994	4,90910400628352	0	6,09365744509336	0	0	0	0	0	0
ASV12	Penicillium	Undefined Saprotroph	Possible	0	0	0	11,7990213580501	12,7865479418149	12,834369573674	12,6633497733228	0	0	0	0	0	0	11,6353135317367	0	5,27183551413637	4,39683439176736	0	5,91116790217374	7,12972092374851	5,91811155464626	4,12439415968091	0	6,41938471990688	0	0	0	0	0	0
ASV14	Penicillium	Undefined Saprotroph	Possible	0	0	0	11,5683314478504	12,566796466412	12,6115606224681	12,4167203060272	0	0	0	0	0	3,95333555425714	11,4307640454638	0	4,14557714596312	3,93395723499415	0	5,42263458753639	6,82617907908551	5,86176917643085	5,01515389903994	0	5,88427702081333	0	0	0	0	0	0
ASV22	Penicillium	Undefined Saprotroph	Possible	0	0	0	0	0	0	0	13,6065709602898	0	0	0	0	0	0	0	0	0	0	0	0	0	0	0	0	0	0	0	0	0	0
ASV25	Penicillium	Undefined Saprotroph	Possible	0	0	0	0	0	0	0	13,3627150641453	0	0	0	0	0	0	0	0	0	0	0	0	0	0	0	0	0	0	0	0	0	0
ASV27	Penicillium	Undefined Saprotroph	Possible	0	0	0	10,3792514840809	11,3737505865043	11,3946438311567	11,2119509956603	0	0	0	0	0	0	10,1691419335236	0	0	0	0	4,61194792112175	5,21808001804756	4,39891915561791	0	0	4,22525987537334	0	0	0	0	0	0
ASV30	Penicillium	Undefined Saprotroph	Possible	0	0	0	10,0958487467405	11,0199392860234	11,1038398124325	11,0134046487855	0	0	0	0	0	0	9,84729315760936	0	0	0	0	3,40917398660916	5,30496725142326	3,69931932098775	0	0	3,81666835879968	0	0	0	0	0	0
ASV45	Penicillium	Undefined Saprotroph	Possible	0	0	0	0	0	0	0	12,5338094958473	0	0	0	0	0	0	0	0	0	0	0	0	0	0	0	0	0	0	0	0	0	0
ASV54	Penicillium	Undefined Saprotroph	Possible	0	0	0	0	0	0	0	12,2525723356033	0	0	0	0	0	0	0	0	0	0	0	0	0	0	0	0	0	0	0	0	0	0
ASV55	Penicillium	Undefined Saprotroph	Possible	0	0	0	0	0	0	0	12,2224217200932	0	0	0	0	0	0	0	0	0	0	0	0	0	0	0	0	0	0	0	0	0	0
ASV62	Penicillium	Undefined Saprotroph	Possible	0	0	0	0	0	0	0	11,9891365075879	0	0	0	0	0	0	0	0	0	0	0	0	0	0	0	0	0	0	0	0	0	0
ASV84	Penicillium	Undefined Saprotroph	Possible	0	0	0	0	0	0	0	10,8448115475971	0	0	0	0	0	0	0	0	0	0	0	0	0	0	0	0	0	0	0	0	0	0
ASV94	Penicillium	Undefined Saprotroph	Possible	0	0	0	0	0	0	0	10,605010664442	0	0	0	0	0	0	0	0	0	0	0	0	0	0	0	0	0	0	0	0	0	0
ASV99	Penicillium	Undefined Saprotroph	Possible	0	0	0	0	0	0	0	0	10,4011243963631	0	0	0	0	0	0	0	0	0	0	0	0	0	0	4,97221009115484	0	0	0	0	0	0
ASV107	Penicillium	Undefined Saprotroph	Possible	0	0	0	0	0	0	0	0	10,1376499747191	0	0	0	0	0	0	0	0	0	0	0	0	0	0	4,80373309676123	0	0	0	0	0	0
ASV144	Penicillium	Undefined Saprotroph	Possible	0	0	0	0	0	0	0	0	9,25875003670839	0	0	0	0	0	0	0	0	0	0	0	0	0	0	0	0	0	0	0	0	0
ASV163	Penicillium	Undefined Saprotroph	Possible	0	0	0	0	0	0	0	0	8,9832411237399	0	0	0	0	0	0	0	0	0	0	0	0	0	0	0	0	0	0	0	0	0
ASV175	Penicillium	Undefined Saprotroph	Possible	0	0	0	0	0	0	0	0	8,8556746034212	0	0	0	0	0	0	0	0	0	0	0	0	0	0	0	0	0	0	0	0	0
ASV185	Penicillium	Undefined Saprotroph	Possible	0	0	0	0	0	0	0	0	8,68359356789373	0	0	0	0	0	0	0	0	0	0	0	0	0	0	0	0	0	0	0	0	0
ASV194	Penicillium	Undefined Saprotroph	Possible	0	0	0	0	0	0	0	0	0	0	0	0	4,05857828613016	0	0	5,5477185629698	3,56253203638349	0	6,06808222990458	6,71951124760668	5,42956650143902	4,85300471327226	0	6,29777021266808	0	0	0	0	0	0
ASV292	Penicillium	Undefined Saprotroph	Possible	0	0	0	0	0	0	0	0	7,61377495792593	0	0	0	0	0	0	0	0	0	0	0	0	0	0	0	0	0	0	0	0	0
ASV294	Penicillium	Undefined Saprotroph	Possible	0	0	5,4538697984391	4,70021274044803	0	0	0	0	0	5,66952072118081	5,41457228630164	5,20022011225082	0	0	0	0	0	0	0	0	0	0	0	0	0	0	0	0	0	0
ASV335	Penicillium	Undefined Saprotroph	Possible	0	0	4,8922539903822	4,56410683850847	0	0	0	0	0	5,20022011225082	5,24571425688685	5,10468757922035	0	0	0	0	0	0	0	0	0	0	0	0	0	0	0	0	0	0
ASV350	Penicillium	Undefined Saprotroph	Possible	0	0	0	3,71409879278569	5,36837089974743	5,88029515963265	5,23991417702057	0	0	0	0	0	0	0	0	0	0	0	0	0	0	0	0	0	0	0	0	0	0	0
ASV363	Penicillium	Undefined Saprotroph	Possible	0	0	0	0	0	0	0	0	7,12054698173599	0	0	0	0	0	0	0	0	0	0	0	0	0	0	0	0	0	0	0	0	0
ASV386	Penicillium	Undefined Saprotroph	Possible	0	0	0	0	0	0	0	0	0	0	0	0	0	0	0	0	0	0	0	0	0	6,60961334650148	0	0	0	0	0	4,9172074725184	0	0
ASV489	Penicillium	Undefined Saprotroph	Possible	0	0	0	0	0	0	0	0	0	0	0	0	0	0	0	0	0	0	0	0	0	6,48595989765563	0	0	0	0	0	0	0	0
ASV668	Penicillium	Undefined Saprotroph	Possible	0	0	0	0	0	0	0	0	0	0	0	0	0	0	0	0	0	0	0	0	0	0	0	5,79719986980734	0	0	0	0	0	0
ASV797	Penicillium	Undefined Saprotroph	Possible	0	0	0	0	0	0	0	0	0	0	0	0	0	0	0	0	0	0	0	0	0	0	0	5,34395218529268	0	0	0	0	0	0
ASV822	Penicillium	Undefined Saprotroph	Possible	0	0	0	0	0	0	0	0	0	0	0	0	0	0	0	0	0	0	0	0	0	0	0	5,25960662731152	0	0	0	0	0	0
ASV861	Penicillium	Undefined Saprotroph	Possible	0	0	0	0	0	0	0	5,14803646208125	0	0	0	0	0	0	0	0	0	0	0	0	0	0	0	0	0	0	0	0	0	0
ASV879	Penicillium	Undefined Saprotroph	Possible	0	0	0	0	0	0	0	5,09948084282406	0	0	0	0	0	0	0	0	0	0	0	0	0	0	0	0	0	0	0	0	0	0
ASV908	Penicillium	Undefined Saprotroph	Possible	0	0	0	0	0	0	0	4,99717350983705	0	0	0	0	0	0	0	0	0	0	0	0	0	0	0	0	0	0	0	0	0	0
ASV241	Phialocephala	Endophyte-|Undefined Saprotroph|	Highly Probable	0	0	0	0	0	0	0	0	0	0	0	0	0	0	0	0	0	7,59979717604464	0	0	0	0	0	0	6,41767513705244	0	0	0	0	0
ASV526	Phialocephala	Endophyte-|Undefined Saprotroph|	Highly Probable	0	0	0	0	0	0	0	0	0	0	0	0	0	0	0	0	0	0	0	0	0	0	0	0	0	0	0	0	6,36395198920492	0
ASV413	Pseudogymnoascus	Plant Saprotroph-Wood Saprotroph	Probable	0	0	0	0	0	0	0	0	0	0	0	0	0	0	0	0	0	0	0	0	0	5,75782753171739	0	4,74289857240021	0	0	0	5,12205149437767	0	0
ASV434	Pseudogymnoascus	Plant Saprotroph-Wood Saprotroph	Probable	0	0	0	0	0	0	0	0	0	0	0	0	0	0	0	0	0	0	0	0	0	6,13242872455422	0	5,21550951730409	0	0	0	0	0	0
ASV402	Sarocladium	Undefined Saprotroph	Possible	0	0	0	0	0	0	0	0	6,87236120983546	0	0	0	0	0	0	0	0	0	0	0	0	0	0	0	0	0	0	0	0	0
ASV504	Sarocladium	Undefined Saprotroph	Possible	0	0	0	0	0	0	0	0	6,42473899058445	0	0	0	0	0	0	0	0	0	0	0	0	0	0	0	0	0	0	0	0	0
ASV793	Serpula	|Wood Saprotroph|	Probable	0	0	0	0	0	0	0	0	0	0	0	0	0	0	0	0	0	0	0	5,12562255401702	0	0	0	2,84203182613791	0	0	0	0	0	0
ASV540	Simplicillium	Undefined Saprotroph	Possible	0	0	0	0	0	0	0	0	0	0	0	0	0	0	0	0	0	0	2,84105783139031	5,30496725142326	0	5,06539182181366	0	0	0	0	0	0	0	0
ASV628	Simplicillium	Undefined Saprotroph	Possible	0	0	0	0	0	0	0	0	0	0	0	0	0	0	0	0	0	0	0	5,17259183850049	4,68529063771438	0	0	0	0	0	0	0	0	0
ASV865	Talaromyces	Undefined Saprotroph	Possible	0	0	0	0	0	0	0	0	0	0	0	0	0	0	0	0	0	0	0	5,12562255401702	0	0	0	0	0	0	0	0	0	0
ASV86	Trechispora	|Wood Saprotroph|	Highly Probable	0	0	0	0	0	0	0	0	0	0	0	0	0	0	0	0	0	0	0	0	10,8098794009033	0	0	0	0	0	0	0	0	0
ASV96	Trechispora	|Wood Saprotroph|	Highly Probable	0	0	0	0	0	0	0	0	0	0	0	0	0	0	0	0	0	0	0	0	10,5258878871581	0	0	0	0	0	0	0	0	0
ASV371	Tremellales_gen_Incertae_sedis	Fungal Parasite-Undefined Saprotroph	Possible	0	0	0	0	0	0	0	0	0	0	0	0	0	0	6,7561572251049	4,87430912943535	0	0	0	0	0	0	0	0	0	0	0	0	0	0
ASV450	Tremellales_gen_Incertae_sedis	Fungal Parasite-Undefined Saprotroph	Possible	0	0	0	0	0	0	0	0	0	0	0	0	0	0	0	0	0	0	4,39202969413192	0	0	6,33030577284995	0	0	0	0	0	0	0	0
ASV482	Tremellales_gen_Incertae_sedis	Fungal Parasite-Undefined Saprotroph	Possible	0	0	0	0	0	0	0	0	0	0	0	0	0	0	0	0	0	0	0	0	0	6,5223840081069	0	0	0	0	0	0	0	0
ASV548	Tremellales_gen_Incertae_sedis	Fungal Parasite-Undefined Saprotroph	Possible	0	0	0	0	0	0	0	0	0	0	0	0	0	0	6,23407114607728	0	0	0	0	0	0	0	0	0	0	0	0	0	0	0
ASV776	Unilacryma	|Wood Saprotroph|	Probable	0	0	0	0	0	0	0	0	0	0	0	0	0	0	5,40775758939115	0	0	0	0	0	0	0	0	0	0	0	0	0	0	0
ASV424	Verrucariaceae_gen_Incertae_sedis	Lichenized	Highly Probable	0	0	0	0	0	0	0	0	0	0	0	0	0	0	5,28300646630915	6,22286492616053	0	0	0	0	0	0	0	0	0	0	0	0	0	0
ASV546	Xylodon	Wood Saprotroph	Probable	0	0	0	0	0	0	0	0	0	0	0	0	0	0	6,25636440860054	0	0	0	0	0	0	0	0	0	0	0	0	0	0	0
